Handle,Title,Body (HTML),Vendor,Product Category,Type,Tags,Published,Option1 Name,Option1 Value,Option1 Linked To,Option2 Name,Option2 Value,Option2 Linked To,Option3 Name,Option3 Value,Option3 Linked To,Variant SKU,Variant Grams,Variant Inventory Tracker,Variant Inventory Policy,Variant Fulfillment Service,Variant Price,Variant Compare At Price,Variant Requires Shipping,Variant Taxable,Unit Price Total Measure,Unit Price Total Measure Unit,Unit Price Base Measure,Unit Price Base Measure Unit,Variant Barcode,Image Src,Image Position,Image Alt Text,Gift Card,SEO Title,SEO Description,MPN (product.metafields.shopwoo._sw_mpn),Variant Image,Variant Weight Unit,Variant Tax Code,Cost per item,Status
sleek-black-dual-compartment-handbag,Sleek Black Dual Compartment Handbag,"<p>Discover functional elegance with this versatile handbag designed for the modern, eco-conscious individual. Made for those who appreciate minimalist design with practical features, the adjustable shoulder strap provides optimal comfort while the two separate compartments keep your essentials organized. Secured with a smooth zip closure and adorned with a refined logo, this bag is a testament to your sophisticated taste without compromising on convenience.</p>
<ul>
<li>Material: Polyurethane</li>
<li>Color: Black</li>
<li>Country of origin: KH</li>
</ul>
<p>Crafted by the renowned Calvin Klein, this handbag combines style with sustainability, as it’s made from recycled polyester, highlighting your commitment to eco-friendly fashion choices.</p>
",Calvin Klein,,"","115729498486, 127, Bags, Black, Calvin Klein, Handbags - Bags, New with defects, Women",true,Title,Default Title,,,,,,,,CA-7385,3000.0,shopify,deny,manual,102.00,115.00,true,true,,,,,'9999917246094,https://cdn.shopify.com/s/files/1/0921/1566/5270/files/2007577.jpg?v=1773939623,1,"",false,,,MPN0336077045,,kg,,30.00,active
sleek-black-dual-compartment-handbag,,,,,,,,,,,,,,,,,,,,,,,,,,,,,,,https://cdn.shopify.com/s/files/1/0921/1566/5270/files/2007584.jpg?v=1773939623,2,"",,,,,,,,,
sleek-black-dual-compartment-handbag,,,,,,,,,,,,,,,,,,,,,,,,,,,,,,,https://cdn.shopify.com/s/files/1/0921/1566/5270/files/2007593.jpg?v=1773939623,3,"",,,,,,,,,
elegant-black-shoulder-bag-with-logo-detail,Elegant Black Shoulder Bag with Logo Detail,"<p>Experience the perfect blend of sophistication and sustainability with this stunning shoulder bag from Calvin Klein. Designed with both style and functionality in mind, it features an adjustable shoulder strap for personalized comfort and a practical inside pocket to keep your essentials organized. The bag secures with a snap closure and boasts the iconic logo, all crafted from 100% recycled polyester, making it an eco-conscious fashion statement.</p>
<ul>
<li>Material: Polyester</li>
<li>Color: Black</li>
<li>Country of origin: CN</li>
</ul>
",Calvin Klein,,"","115729564022, 127, Bags, Black, Calvin Klein, Handbags - Bags, New with defects, Women",true,Title,Default Title,,,,,,,,CA-11804,3000.0,shopify,deny,manual,180.48,223.00,true,true,,,,,'9991637763240,https://cdn.shopify.com/s/files/1/0921/1566/5270/files/2015702.jpg?v=1773939625,1,"",false,,,MPN0337702357,,kg,,61.25,active
elegant-black-shoulder-bag-with-logo-detail,,,,,,,,,,,,,,,,,,,,,,,,,,,,,,,https://cdn.shopify.com/s/files/1/0921/1566/5270/files/2015706.jpg?v=1773939625,2,"",,,,,,,,,
elegant-black-shoulder-bag-with-logo-detail,,,,,,,,,,,,,,,,,,,,,,,,,,,,,,,https://cdn.shopify.com/s/files/1/0921/1566/5270/files/2015711.jpg?v=1773939624,3,"",,,,,,,,,
embroidered-logo-white-tee-for-men,Embroidered Logo White Tee for Men,"<p>Step into effortless style with La Martina’s white t-shirt designed for men who appreciate a blend of casual elegance and comfort. Boasting a classic round neck and short sleeves, this top is elevated with exquisite embroidery and print details, including the brand’s iconic logo.</p>
<ul>
<li>Material: Cotton</li>
<li>Country of origin: TR</li>
<li>Color: White</li>
</ul>
",La Martina,,"","115729334646, 127, Bodysuits - T-Shirts - Clothing, Clothing, L, La Martina, M, Men, New with defects, T-Shirts - Clothing, White, XL, XXL",true,Italian Size MEN,M,,,,,,,,LA-13269-M,500.0,shopify,deny,manual,71.92,80.00,true,true,,,,,'9991553641943,https://cdn.shopify.com/s/files/1/0921/1566/5270/files/4595663.jpg?v=1773939626,1,"",false,,,MPN0339152613,,kg,,19.58,active
embroidered-logo-white-tee-for-men,,,,,,,,,XL,,,,,,,,LA-13269-XL,500.0,shopify,deny,manual,71.92,80.00,true,true,,,,,'9998838913900,https://cdn.shopify.com/s/files/1/0921/1566/5270/files/4595664.jpg?v=1773939626,2,"",,,,,,kg,,19.58,
embroidered-logo-white-tee-for-men,,,,,,,,,XXL,,,,,,,,LA-13269-XXL,500.0,shopify,deny,manual,71.92,80.00,true,true,,,,,'9997010772724,,,,,,,,,kg,,19.58,
embroidered-logo-white-tee-for-men,,,,,,,,,L,,,,,,,,LA-13269-L,500.0,shopify,deny,manual,71.92,80.00,true,true,,,,,'9998419405886,,,,,,,,,kg,,19.58,
chic-black-dual-handle-chain-shoulder-bag,Chic Black Dual-Handle Chain Shoulder Bag,"<p>Discover the epitome of urban sophistication with the Calvin Klein shoulder bag – a perfect blend of functionality and sleek design. Crafted from 100% recycled polyester, this eco-conscious accessory showcases contrasting details and the distinguished logo, offering a timeless aesthetic. The twin chain shoulder handles exude elegance, while the well-organized interior features two compartments, a central pocket, and an inside pocket, all secured with a zip and magnet closure.</p>
<ul>
<li>Material: Polyester</li>
<li>Country of origin: CN</li>
<li>Color: Black</li>
</ul>
",Calvin Klein,,"","115729334646, 127, Bags, Black, Calvin Klein, Handbags - Bags, Preowned / Used, Women",true,Title,Default Title,,,,,,,,CA-13689,3000.0,shopify,deny,manual,200.93,249.00,true,true,,,,,'9993183496634,https://cdn.shopify.com/s/files/1/0921/1566/5270/files/2017318.jpg?v=1773939628,1,"",false,,,MPN0339827742,,kg,,68.75,active
chic-black-dual-handle-chain-shoulder-bag,,,,,,,,,,,,,,,,,,,,,,,,,,,,,,,https://cdn.shopify.com/s/files/1/0921/1566/5270/files/2017328.jpg?v=1773939628,2,"",,,,,,,,,
chic-black-dual-handle-chain-shoulder-bag,,,,,,,,,,,,,,,,,,,,,,,,,,,,,,,https://cdn.shopify.com/s/files/1/0921/1566/5270/files/2017333.jpg?v=1773939627,3,"",,,,,,,,,
elegant-black-recycled-polyester-shoulder-bag,Elegant Black Recycled Polyester Shoulder Bag,"<p>Discover elegance and sustainability seamlessly blended in this exquisite shoulder bag. Ideal for the fashion-forward individual, this accessory offers not just a statement piece but a commitment to environmental responsibility. Featuring an adjustable strap for versatile carrying options, a secure snap closure, and a singular interior pocket to keep your essentials organized. The subtle logo detailing adds a touch of luxury to the minimalist design.</p>
<ul>
<li>Material: 100% recycled polyester</li>
<li>Color: Black</li>
<li>Country of origin: KH</li>
<li>Brand: Calvin Klein</li>
</ul>
",Calvin Klein,,"","115729367414, 127, Bags, Black, Calvin Klein, Handbags - Bags, Preowned / Used, Women",true,Title,Default Title,,,,,,,,CA-14083,3000.0,shopify,deny,manual,134.65,153.00,true,true,,,,,'9995284088497,https://cdn.shopify.com/s/files/1/0921/1566/5270/files/2378386.jpg?v=1773939629,1,"",false,,,MPN0340227815,,kg,,41.25,active
elegant-black-recycled-polyester-shoulder-bag,,,,,,,,,,,,,,,,,,,,,,,,,,,,,,,https://cdn.shopify.com/s/files/1/0921/1566/5270/files/2378388.jpg?v=1773939629,2,"",,,,,,,,,
elegant-black-recycled-polyester-shoulder-bag,,,,,,,,,,,,,,,,,,,,,,,,,,,,,,,https://cdn.shopify.com/s/files/1/0921/1566/5270/files/2378389.jpg?v=1773939629,3,"",,,,,,,,,
elegant-twist-lock-adjustable-shoulder-bag,Elegant Twist Lock Adjustable Shoulder Bag,"<p>Discover elegance and functionality intertwined with Calvin Klein’s sophisticated shoulder bag. A sleek accessory for the fashion-forward individual, featuring an adjustable shoulder strap that provides comfort and versatility. The secure twist lock ensures your essentials stay safe, while the classy logo detail adds a touch of luxury. Crafted from 100% recycled polyester, this bag is not only stylish but also eco-conscious. An internal card pocket allows for convenient organization, making it perfect for both day-to-night transitions.</p>
<ul>
<li>Material: Polyester</li>
<li>Country of origin: KH</li>
<li>Color: Black</li>
</ul>
",Calvin Klein,,"","115729367414, 127, Bags, Black, Calvin Klein, Handbags - Bags, New with tags, Women",true,Title,Default Title,,,,,,,,CA-15390,3000.0,shopify,deny,manual,156.15,192.00,true,true,,,,,'9995589738820,https://cdn.shopify.com/s/files/1/0921/1566/5270/files/2391655.jpg?v=1773939630,1,"",false,,,MPN0341828108,,kg,,52.50,active
elegant-twist-lock-adjustable-shoulder-bag,,,,,,,,,,,,,,,,,,,,,,,,,,,,,,,https://cdn.shopify.com/s/files/1/0921/1566/5270/files/2391657.jpg?v=1773939630,2,"",,,,,,,,,
elegant-twist-lock-adjustable-shoulder-bag,,,,,,,,,,,,,,,,,,,,,,,,,,,,,,,https://cdn.shopify.com/s/files/1/0921/1566/5270/files/2391658.jpg?v=1773939630,3,"",,,,,,,,,
chic-blue-lace-up-sneakers-with-logo-accent,Chic Blue Lace-up Sneakers with Logo Accent,"<p>Step out in style with these trendy lace-up sneakers, flaunting eye-catching contrasting details and the iconic logo for a fashion-forward statement. Crafted from a blend of quality materials, including recycled cotton for eco-conscious flair, these shoes are designed for both comfort and sustainability. Perfectly pairable with your favorite casual ensemble for a touch of Tommy Hilfiger’s signature elegance.</p>
<ul>
<li>Material: 30% Cotton, 30% Leather, 40% Polyethylene</li>
<li>Color: Blue</li>
<li>Country of origin: CN</li>
</ul>
",Tommy Hilfiger,,"","115729432950, 127, Blue, Chunky - Sneakers - Shoes, EU36/US6, EU38/US8, EU39/US9, New without tags, Shoes, Sneakers - Shoes, Tommy Hilfiger, Women",true,Shoe Size Women,EU36/US6,,,,,,,,TO-16721-EU36-US6,3000.0,shopify,deny,manual,130.32,146.00,true,true,,,,,'9999969313218,https://cdn.shopify.com/s/files/1/0921/1566/5270/files/2019489.jpg?v=1773939632,1,"",false,,,MPN0342228181,,kg,,47.58,active
chic-blue-lace-up-sneakers-with-logo-accent,,,,,,,,,EU38/US8,,,,,,,,TO-16721-EU38-US8,3000.0,shopify,deny,manual,130.32,146.00,true,true,,,,,'9997138672036,https://cdn.shopify.com/s/files/1/0921/1566/5270/files/2019493.jpg?v=1773939632,2,"",,,,,,kg,,47.58,
chic-blue-lace-up-sneakers-with-logo-accent,,,,,,,,,EU39/US9,,,,,,,,TO-16721-EU39-US9,3000.0,shopify,deny,manual,130.32,146.00,true,true,,,,,'9990392878299,https://cdn.shopify.com/s/files/1/0921/1566/5270/files/2019497.jpg?v=1773939632,3,"",,,,,,kg,,47.58,
elegant-triple-compartment-shoulder-bag,Elegant Triple Compartment Shoulder Bag,"<p>Discover the epitome of urban chic with Calvin Klein’s sophisticated shoulder bag. Designed to cater to both style and practicality, it features two sleek shoulder handles, making it ideal for daily use. Boasting three distinct compartments, you’ll find ample space to organize your essentials. The bag includes a convenient internal card pocket, ensuring your valuables are always within reach. A secure snap closure and a subtle yet iconic logo embellishments add an extra touch of elegance. Crafted from 100% recycled polyester, this accessory does not compromise on sustainability or style.</p>
<ul>
<li>Material: Polyester</li>
<li>Color: Black</li>
<li>Country of origin: KH</li>
</ul>
",Calvin Klein,,"","115670614390, 127, Bags, Black, Calvin Klein, Handbags - Bags, New with defects, Women",true,Title,Default Title,,,,,,,,CA-16804,3000.0,shopify,deny,manual,219.28,272.00,true,true,,,,,'9999575086841,https://cdn.shopify.com/s/files/1/0921/1566/5270/files/2019638.jpg?v=1773939633,1,"",false,,,MPN0342903310,,kg,,76.25,active
elegant-triple-compartment-shoulder-bag,,,,,,,,,,,,,,,,,,,,,,,,,,,,,,,https://cdn.shopify.com/s/files/1/0921/1566/5270/files/2019642.jpg?v=1773939634,2,"",,,,,,,,,
elegant-triple-compartment-shoulder-bag,,,,,,,,,,,,,,,,,,,,,,,,,,,,,,,https://cdn.shopify.com/s/files/1/0921/1566/5270/files/2019645.jpg?v=1773939633,3,"",,,,,,,,,
elegant-chain-handle-black-handbag,Elegant Chain-Handle Black Handbag,"<p>Exude sophistication with this chic <strong>Calvin Klein</strong> handbag, featuring a sleek design complemented by 2 elegant chain shoulder handles. Stay organized on the go with 2 compartments, a central pocket, and an additional inside pocket. Contrasting details and brand logo add a touch of class, while its recycled polyester construction reflects a commitment to sustainability. A practical zip and snap closure keep your belongings secure in style.</p>
<ul>
<li>Material: Polyester</li>
<li>Country of origin: CN</li>
<li>Color: Black</li>
</ul>
",Calvin Klein,,"","115729531254, 127, Bags, Black, Calvin Klein, Handbags - Bags, Preowned / Used, Women",true,Title,Default Title,,,,,,,,CA-16805,3000.0,shopify,deny,manual,219.28,272.00,true,true,,,,,'9999067666971,https://cdn.shopify.com/s/files/1/0921/1566/5270/files/2019652.jpg?v=1773939634,1,"",false,,,MPN0343303383,,kg,,76.25,active
elegant-chain-handle-black-handbag,,,,,,,,,,,,,,,,,,,,,,,,,,,,,,,https://cdn.shopify.com/s/files/1/0921/1566/5270/files/2019655.jpg?v=1773939634,2,"",,,,,,,,,
elegant-chain-handle-black-handbag,,,,,,,,,,,,,,,,,,,,,,,,,,,,,,,https://cdn.shopify.com/s/files/1/0921/1566/5270/files/2019659.jpg?v=1773939634,3,"",,,,,,,,,
chic-black-lace-up-sneakers-with-contrasting-accents,Chic Black Lace-Up Sneakers with Contrasting Accents,"<p>Step into style and sustainability with these chic black lace-up sneakers, featuring eye-catching contrasting details and the iconic logo. Made with a commitment to the environment, crafted from 100% recycled polyester and a blend of quality materials. Perfect for the fashion-forward and eco-conscious individual. Embrace a touch of elegance and comfort in your everyday wear with this piece from Tommy Hilfiger.</p>
<ul>
<li>Material: 30% Polyester, 40% Leather, 30% Polyethylene</li>
<li>Country of origin: CN</li>
<li>Color: Black</li>
</ul>
",Tommy Hilfiger,,"","115670614390, 127, Black, EU36/US6, EU37/US7, EU38/US8, EU39/US9, EU40/US10, EU41/US11, Low Tops - Sneakers - Shoes, New with tags, Shoes, Sneakers - Shoes, Tommy Hilfiger, Women",true,Shoe Size Women,EU36/US6,,,,,,,,TO-16998-EU36-US6,3000.0,shopify,deny,manual,153.02,183.50,true,true,,,,,'9991432072622,https://cdn.shopify.com/s/files/1/0921/1566/5270/files/2020071.jpg?v=1773939636,1,"",false,,,MPN0345553785,,kg,,61.90,active
chic-black-lace-up-sneakers-with-contrasting-accents,,,,,,,,,EU37/US7,,,,,,,,TO-16998-EU37-US7,3000.0,shopify,deny,manual,153.02,183.50,true,true,,,,,'9992677637416,https://cdn.shopify.com/s/files/1/0921/1566/5270/files/2020075.jpg?v=1773939636,2,"",,,,,,kg,,61.90,
chic-black-lace-up-sneakers-with-contrasting-accents,,,,,,,,,EU38/US8,,,,,,,,TO-16998-EU38-US8,3000.0,shopify,deny,manual,153.02,183.50,true,true,,,,,'9997196405478,https://cdn.shopify.com/s/files/1/0921/1566/5270/files/2020079.jpg?v=1773939636,3,"",,,,,,kg,,61.90,
chic-black-lace-up-sneakers-with-contrasting-accents,,,,,,,,,EU39/US9,,,,,,,,TO-16998-EU39-US9,3000.0,shopify,deny,manual,153.02,183.50,true,true,,,,,'9991543527530,,,,,,,,,kg,,61.90,
chic-black-lace-up-sneakers-with-contrasting-accents,,,,,,,,,EU40/US10,,,,,,,,TO-16998-EU40-US10,3000.0,shopify,deny,manual,153.02,183.50,true,true,,,,,'9995936499480,,,,,,,,,kg,,61.90,
chic-black-lace-up-sneakers-with-contrasting-accents,,,,,,,,,EU41/US11,,,,,,,,TO-16998-EU41-US11,3000.0,shopify,deny,manual,153.02,183.50,true,true,,,,,'9997926154904,,,,,,,,,kg,,61.90,
chic-beige-dual-compartment-handbag,Chic Beige Dual Compartment Handbag,"<p>Refine your accessory collection with this elegant beige handbag from Guess Jeans, epitomizing versatility and chic style. Equipped with two handles and an adjustable, removable shoulder strap, this bag offers multiple carrying options to suit your comfort and style. The bag boasts two main compartments, an easily accessible external pocket, and a secure internal pocket, making organizing your essentials a breeze. Designed with practicality in mind, it includes dedicated internal spaces for documents. The contrasting details add a touch of sophistication, while the secure zip and magnet closure ensure your belongings are safe. The iconic Guess Jeans logo is the finishing touch, showcasing your taste for renowned brands.</p>
<ul>
<li>Material: Polyurethane</li>
<li>Color: Beige</li>
<li>Country of origin: ID</li>
</ul>
",Guess Jeans,,"","115670614390, 127, Bags, Beige, Guess Jeans, Handbags - Bags, Preowned / Used, Women",true,Title,Default Title,,,,,,,,GU-18477,3000.0,shopify,deny,manual,194.55,234.00,true,true,,,,,'9990912810600,https://cdn.shopify.com/s/files/1/0921/1566/5270/files/2021896.jpg?v=1773939637,1,"",false,,,MPN0348229280,,kg,,82.50,active
chic-beige-dual-compartment-handbag,,,,,,,,,,,,,,,,,,,,,,,,,,,,,,,https://cdn.shopify.com/s/files/1/0921/1566/5270/files/2021900.jpg?v=1773939637,2,"",,,,,,,,,
chic-beige-dual-compartment-handbag,,,,,,,,,,,,,,,,,,,,,,,,,,,,,,,https://cdn.shopify.com/s/files/1/0921/1566/5270/files/2021904.jpg?v=1773939639,3,"",,,,,,,,,
sleek-black-multi-pocket-handbag,Sleek Black Multi-Pocket Handbag,"<p>Discover the epitome of elegance with this BYBLOS handbag, designed for the modern woman on the go. Complete with two comfortable handles and an adjustable and removable shoulder strap, this bag is both practical and chic. The removable shoulder handle offers versatility, while the multiple pockets, including two internal and two external side pockets, ensure all your essentials are neatly organized. The contrasting details add a touch of sophistication to this essential accessory, and the distinctive BYBLOS logo provides the perfect finishing touch.</p>
<ul>
<li>Material: Polyurethane</li>
<li>Color: Black</li>
<li>Country of origin: CN</li>
</ul>
",BYBLOS,,"","115729531254, 127, Bags, Black, BYBLOS, Handbags - Bags, New with defects, Women",true,Title,Default Title,,,,,,,,BY-12667,3000.0,shopify,deny,manual,151.95,186.00,true,true,,,,,'9990167979411,https://cdn.shopify.com/s/files/1/0921/1566/5270/files/2054229.jpg?v=1773939639,1,"",false,,,MPN0351679902,,kg,,52.50,active
sleek-black-multi-pocket-handbag,,,,,,,,,,,,,,,,,,,,,,,,,,,,,,,https://cdn.shopify.com/s/files/1/0921/1566/5270/files/2054233.jpg?v=1773939639,2,"",,,,,,,,,
sleek-black-multi-pocket-handbag,,,,,,,,,,,,,,,,,,,,,,,,,,,,,,,https://cdn.shopify.com/s/files/1/0921/1566/5270/files/2054237.jpg?v=1773939639,3,"",,,,,,,,,
elegant-red-two-compartment-handbag-with-logo-detail,Elegant Red Two-Compartment Handbag with Logo Detail,"<p>Accentuate your ensemble with this eye-catching red handbag from BYBLOS. A perfect blend of style and functionality, this bag comes equipped with two sturdy handles, an adjustable and removable shoulder strap for versatile carrying options, and two separate compartments to keep your essentials organized. The interior features a pocket for smaller items, along with dedicated spaces for documents, ensuring your belongings are secure and in place. Subtle contrasting details and the distinct BYBLOS logo add a touch of luxury to this chic accessory.</p>
<ul>
<li>Material: Polyurethane</li>
<li>Color: Red</li>
<li>Country of origin: CN</li>
</ul>
",BYBLOS,,"","115729531254, 127, Bags, BYBLOS, Handbags - Bags, New without tags, Red, Women",true,Title,Default Title,,,,,,,,BY-17012,3000.0,shopify,deny,manual,161.48,198.00,true,true,,,,,'9999629318249,https://cdn.shopify.com/s/files/1/0921/1566/5270/files/2059352.jpg?v=1773939640,1,"",false,,,MPN0354080341,,kg,,56.25,active
elegant-red-two-compartment-handbag-with-logo-detail,,,,,,,,,,,,,,,,,,,,,,,,,,,,,,,https://cdn.shopify.com/s/files/1/0921/1566/5270/files/2059360.jpg?v=1773939640,2,"",,,,,,,,,
elegant-red-two-compartment-handbag-with-logo-detail,,,,,,,,,,,,,,,,,,,,,,,,,,,,,,,https://cdn.shopify.com/s/files/1/0921/1566/5270/files/2059365.jpg?v=1773939640,3,"",,,,,,,,,
elegant-chain-handle-black-shoulder-bag,Elegant Chain-Handle Black Shoulder Bag,"<p>Discover the epitome of elegance with this chic BYBLOS shoulder bag. Styled for versatility, it features a lustrous removable chain handle and an adjustable, detachable shoulder strap. Boasting three separate compartments and an additional inside pocket, it’s designed to keep your essentials organized. Contrasting details provide a stylish touch, while the zip closure secures your belongings. Adorned with the distinguishable BYBLOS logo, this bag is the quintessence of fashion-meets-function.</p>
<ul>
<li>Material: Polyurethane</li>
<li>Color: Black</li>
<li>Country of origin: CN</li>
</ul>
",BYBLOS,,"","115729400182, 127, Bags, Black, BYBLOS, Handbags - Bags, Preowned / Used, Women",true,Title,Default Title,,,,,,,,BY-17020,3000.0,shopify,deny,manual,145.25,165.00,true,true,,,,,'9994058815925,https://cdn.shopify.com/s/files/1/0921/1566/5270/files/2059396.jpg?v=1773939641,1,"",false,,,MPN0354480415,,kg,,46.25,active
elegant-chain-handle-black-shoulder-bag,,,,,,,,,,,,,,,,,,,,,,,,,,,,,,,https://cdn.shopify.com/s/files/1/0921/1566/5270/files/2059400.jpg?v=1773939641,2,"",,,,,,,,,
elegant-chain-handle-black-shoulder-bag,,,,,,,,,,,,,,,,,,,,,,,,,,,,,,,https://cdn.shopify.com/s/files/1/0921/1566/5270/files/2059404.jpg?v=1773939641,3,"",,,,,,,,,
the-snapshot-bag-watercolor-blue-printed-leather-shoulder-bag-purse,The Snapshot bag Watercolor Blue Printed Leather Shoulder Bag Purse,"<p><b><strong>Style: </strong></b>Marc Jacobs 'The Watercolor Snapshot' Shoulder Bag (Blue Multi)</p>
<p><b><strong><br>
Material: </strong></b>Printed<b><strong> </strong></b>Saffiano Leather</p>
<p><b><strong><br>
Features: </strong></b>2 Main Zip Compartments, Inner Slip Pocket, Outer Slip Pocket, Detachable Webbing Shoulder Strap, Zip Closure</p>
<p><b><strong><br>
Measures: </strong></b>17.78 cm W x 10.16 cm H x 5.08 cm D</p>
",Marc Jacobs,,"","115729400182, 127, Bags, Marc Jacobs, New with defects, Shoulder Bags - Bags, Women",true,Title,Default Title,,,,,,,,'49369,3000.0,shopify,deny,manual,332.20,370.00,true,true,,,,,'9998538498172,https://cdn.shopify.com/s/files/1/0921/1566/5270/files/2119808.jpg?v=1773939642,1,"",false,,,MPN0354880488,,kg,,224.00,active
the-snapshot-bag-watercolor-blue-printed-leather-shoulder-bag-purse,,,,,,,,,,,,,,,,,,,,,,,,,,,,,,,https://cdn.shopify.com/s/files/1/0921/1566/5270/files/2119809.jpg?v=1773939642,2,"",,,,,,,,,
the-snapshot-bag-watercolor-blue-printed-leather-shoulder-bag-purse,,,,,,,,,,,,,,,,,,,,,,,,,,,,,,,https://cdn.shopify.com/s/files/1/0921/1566/5270/files/2119812.jpg?v=1773939642,3,"",,,,,,,,,
the-snapshot-bag-watercolor-blue-printed-leather-shoulder-bag-purse,,,,,,,,,,,,,,,,,,,,,,,,,,,,,,,https://cdn.shopify.com/s/files/1/0921/1566/5270/files/2119811.jpg?v=1773939642,4,"",,,,,,,,,
the-snapshot-bag-watercolor-blue-printed-leather-shoulder-bag-purse,,,,,,,,,,,,,,,,,,,,,,,,,,,,,,,https://cdn.shopify.com/s/files/1/0921/1566/5270/files/2119810.jpg?v=1773939642,5,"",,,,,,,,,
elevate-your-steps-with-chic-pink-lace-up-sneakers,Elevate Your Steps with Chic Pink Lace-Up Sneakers,"<p>Step up your fashion game with these trendy lace-up sneakers, featuring eye-catching contrasting details and the iconic Tommy Hilfiger logo. Perfect for sports activities or adding a casual but fashionable touch to any outfit.</p>
<ul>
<li>Material: 30% Polyester, 40% Leather, 30% Polyethylene</li>
<li>Country of origin: CN</li>
<li>Color: Pink</li>
</ul>
",Tommy Hilfiger,,"","115729564022, 127, Athletic - Sneakers - Shoes, EU36/US6, EU38/US8, EU39/US9, EU40/US10, New with defects, Pink, Shoes, Sneakers - Shoes, Tommy Hilfiger, Women",true,Shoe Size Women,EU36/US6,,,,,,,,TO-19536-EU36-US6,3000.0,shopify,deny,manual,156.70,175.50,true,true,,,,,'9998745360880,https://cdn.shopify.com/s/files/1/0921/1566/5270/files/2394140.jpg?v=1773939644,1,"",false,,,MPN0361431697,,kg,,61.49,active
elevate-your-steps-with-chic-pink-lace-up-sneakers,,,,,,,,,EU38/US8,,,,,,,,TO-19536-EU38-US8,3000.0,shopify,deny,manual,156.70,175.50,true,true,,,,,'9995499812108,https://cdn.shopify.com/s/files/1/0921/1566/5270/files/2394143.jpg?v=1773939644,2,"",,,,,,kg,,61.49,
elevate-your-steps-with-chic-pink-lace-up-sneakers,,,,,,,,,EU39/US9,,,,,,,,TO-19536-EU39-US9,3000.0,shopify,deny,manual,156.70,175.50,true,true,,,,,'9993873790349,https://cdn.shopify.com/s/files/1/0921/1566/5270/files/2394145.jpg?v=1773939644,3,"",,,,,,kg,,61.49,
elevate-your-steps-with-chic-pink-lace-up-sneakers,,,,,,,,,EU40/US10,,,,,,,,TO-19536-EU40-US10,3000.0,shopify,deny,manual,156.70,175.50,true,true,,,,,'9997210494204,,,,,,,,,kg,,61.49,
classic-gray-cotton-tee-with-signature-print,Classic Gray Cotton Tee with Signature Print,"<p>Experience comfort and style with this effortlessly cool, short-sleeved Napapijri t-shirt. Perfect for any casual occasion, it features a classic round neck alongside a distinctive print and logo that showcase the brand’s eye for detail. Crafted from high-quality cotton, this tee promises both durability and softness.</p>
<ul>
<li>Material: Cotton</li>
<li>Country of origin: BD</li>
<li>Color: Gray</li>
</ul>
",Napapijri,,"","115729498486, 127, Clothing, Gray, L, Long Sleeve - T-Shirts - Clothing, M, Men, Napapijri, New with tags, T-Shirts - Clothing, XL, XXL",true,Italian Size MEN,M,,,,,,,,NA-19631-M,500.0,shopify,deny,manual,61.32,67.50,true,true,,,,,'9992430107231,https://cdn.shopify.com/s/files/1/0921/1566/5270/files/4598876.jpg?v=1773939645,1,"",false,,,MPN0362906972,,kg,,16.59,active
classic-gray-cotton-tee-with-signature-print,,,,,,,,,L,,,,,,,,NA-19631-L,500.0,shopify,deny,manual,61.32,67.50,true,true,,,,,'9996553630065,https://cdn.shopify.com/s/files/1/0921/1566/5270/files/4598877.jpg?v=1773939645,2,"",,,,,,kg,,16.59,
classic-gray-cotton-tee-with-signature-print,,,,,,,,,XL,,,,,,,,NA-19631-XL,500.0,shopify,deny,manual,61.32,67.50,true,true,,,,,'9998151911577,,,,,,,,,kg,,16.59,
classic-gray-cotton-tee-with-signature-print,,,,,,,,,XXL,,,,,,,,NA-19631-XXL,500.0,shopify,deny,manual,61.32,67.50,true,true,,,,,'9990595492599,,,,,,,,,kg,,16.59,
elevated-blue-crew-neck-cotton-tee,Elevated Blue Crew Neck Cotton Tee,"<p>Discover the epitome of casual sophistication with this expertly crafted short sleeve t-shirt from Diesel. Its classic crew neck design is enhanced by a vibrant print and the iconic Diesel logo, making it a must-have for any fashion-forward wardrobe. Experience the perfect blend of style and comfort.</p>
<p>Material: Cotton<br>Country of origin: BD<br>Color: Blue</p>
",Diesel,,"","115729367414, 127, Blue, Clothing, Diesel, L, Long Sleeve - T-Shirts - Clothing, M, Men, Preowned / Used, S, T-Shirts - Clothing, XL, XXL",true,Italian Size MEN,XL,,,,,,,,DI-1736-XL,500.0,shopify,deny,manual,63.25,70.00,true,true,,,,,'9994344240981,https://cdn.shopify.com/s/files/1/0921/1566/5270/files/2455123.jpg?v=1773939647,1,"",false,,,MPN0371033455,,kg,,16.23,active
elevated-blue-crew-neck-cotton-tee,,,,,,,,,S,,,,,,,,DI-1736-S,500.0,shopify,deny,manual,63.25,70.00,true,true,,,,,'9990685690966,https://cdn.shopify.com/s/files/1/0921/1566/5270/files/2455129.jpg?v=1773939647,2,"",,,,,,kg,,16.23,
elevated-blue-crew-neck-cotton-tee,,,,,,,,,L,,,,,,,,DI-1736-L,500.0,shopify,deny,manual,63.25,70.00,true,true,,,,,'9994505158018,,,,,,,,,kg,,16.23,
elevated-blue-crew-neck-cotton-tee,,,,,,,,,M,,,,,,,,DI-1736-M,500.0,shopify,deny,manual,63.25,70.00,true,true,,,,,'9995582181005,,,,,,,,,kg,,16.23,
elevated-blue-crew-neck-cotton-tee,,,,,,,,,XXL,,,,,,,,DI-1736-XXL,500.0,shopify,deny,manual,63.25,70.00,true,true,,,,,'9997810316173,,,,,,,,,kg,,16.23,
white-cotton-crew-neck-tee-with-print-logo,White Cotton Crew Neck Tee with Print Logo,"<p>Step up your casual wear with this pristine white, short-sleeved t-shirt from Diesel, featuring a bold print and the iconic logo displayed prominently. Crafted from soft, breathable cotton, it’s perfect for everyday comfort with a touch of style.</p>
<ul>
<li>Material: Cotton</li>
<li>Country of origin: BD</li>
<li>Color: White</li>
</ul>
",Diesel,,"","115729432950, 127, Clothing, Diesel, Men, New with defects, Sleeveless - T-Shirts - Clothing, T-Shirts - Clothing, White, XL, XXL",true,Italian Size MEN,XL,,,,,,,,DI-1755-XL,500.0,shopify,deny,manual,63.25,70.00,true,true,,,,,'9990310881875,https://cdn.shopify.com/s/files/1/0921/1566/5270/files/4596057.jpg?v=1773939649,1,"",false,,,MPN0371833601,,kg,,16.23,active
white-cotton-crew-neck-tee-with-print-logo,,,,,,,,,XXL,,,,,,,,DI-1755-XXL,500.0,shopify,deny,manual,63.25,70.00,true,true,,,,,'9999622282608,https://cdn.shopify.com/s/files/1/0921/1566/5270/files/4596058.jpg?v=1773939649,2,"",,,,,,kg,,16.23,
sleek-blue-crew-neck-logo-tee,Sleek Blue Crew Neck Logo Tee,"<p> Elevate your casual wardrobe with this tasteful short-sleeve t-shirt from Diesel. It features a sleek crew neck design, complemented by a striking print and the signature Diesel logo, embodying a blend of comfort and style. Ideal for an effortless everyday look. </p>
<ul>
<li>Material: Cotton</li>
<li>Country of origin: MM</li>
<li>Color: Blue</li>
</ul>
",Diesel,,"","115729367414, 127, Blue, Clothing, Diesel, L, M, Men, New without tags, Polo Shirts - T-Shirts - Clothing, S, T-Shirts - Clothing, XL, XXL",true,Italian Size MEN,S,,,,,,,,DI-5435-S,500.0,shopify,deny,manual,63.25,70.00,true,true,,,,,'9992526946171,https://cdn.shopify.com/s/files/1/0921/1566/5270/files/4591595.jpg?v=1773939651,1,"",false,,,MPN0372358693,,kg,,16.23,active
sleek-blue-crew-neck-logo-tee,,,,,,,,,L,,,,,,,,DI-5435-L,500.0,shopify,deny,manual,63.25,70.00,true,true,,,,,'9999404154710,https://cdn.shopify.com/s/files/1/0921/1566/5270/files/4591596.jpg?v=1773939650,2,"",,,,,,kg,,16.23,
sleek-blue-crew-neck-logo-tee,,,,,,,,,M,,,,,,,,DI-5435-M,500.0,shopify,deny,manual,63.25,70.00,true,true,,,,,'9996150892897,,,,,,,,,kg,,16.23,
sleek-blue-crew-neck-logo-tee,,,,,,,,,XL,,,,,,,,DI-5435-XL,500.0,shopify,deny,manual,63.25,70.00,true,true,,,,,'9990709943054,,,,,,,,,kg,,16.23,
sleek-blue-crew-neck-logo-tee,,,,,,,,,XXL,,,,,,,,DI-5435-XXL,500.0,shopify,deny,manual,63.25,70.00,true,true,,,,,'9990067702041,,,,,,,,,kg,,16.23,
sizzling-red-expandable-handbag,Sizzling Red Expandable Handbag,"<p>Feast your eyes on this vivacious red handbag that’s as versatile as it is stylish! The Desigual expandable bag offers you the convenience of a removable shoulder handle and an adjustable strap, allowing you to style it as you please. Stay organized with an external pocket, an internal pocket, and dedicated space for your phone, all secured with a zip closure. This bag isn’t just an accessory; it’s a statement adorned with the signature Desigual logo.</p>
<ul>
<li>Material: Polyurethane</li>
<li>Color: Red</li>
<li>Country of origin: CN</li>
</ul>
",Desigual,,"","115729367414, 127, Bags, Desigual, Handbags - Bags, Preowned / Used, Red, Women",true,Title,Default Title,,,,,,,,DE-11611,3000.0,shopify,deny,manual,91.85,102.00,true,true,,,,,'9990681109417,https://cdn.shopify.com/s/files/1/0921/1566/5270/files/2472499.jpg?v=1773939651,1,"",false,,,MPN0374084004,,kg,,31.25,active
sizzling-red-expandable-handbag,,,,,,,,,,,,,,,,,,,,,,,,,,,,,,,https://cdn.shopify.com/s/files/1/0921/1566/5270/files/2472503.jpg?v=1773939652,2,"",,,,,,,,,
sizzling-red-expandable-handbag,,,,,,,,,,,,,,,,,,,,,,,,,,,,,,,https://cdn.shopify.com/s/files/1/0921/1566/5270/files/2472507.jpg?v=1773939651,3,"",,,,,,,,,
elegant-black-shoulder-bag-with-contrasting-details,Elegant Black Shoulder Bag with Contrasting Details,"<p>Experience the blend of practical design and elegance with this stunning shoulder bag, perfect for the fashion-forward individual. Boasting two comfortable shoulder handles, this bag can effortlessly transition from a day at the office to a night out on the town. A versatile addition to any accessory collection, it includes a removable internal pouch to keep your essentials organized and an internal pocket for your convenience. The contrasting details add a touch of sophistication, while the secure zip closure ensures your belongings are safely tucked away. Adorned with a subtle logo that hints at its high quality, this bag is a true representation of the Desigual brand’s commitment to stylish functionality.</p>
<ul>
<li>Material: Polyurethane</li>
<li>Color: Black</li>
<li>Country of Origin: CN</li>
</ul>
",Desigual,,"","115670614390, 127, Bags, Black, Desigual, Handbags - Bags, New without tags, Women",true,Title,Default Title,,,,,,,,DE-11617,3000.0,shopify,deny,manual,100.60,112.00,true,true,,,,,'9990825626893,https://cdn.shopify.com/s/files/1/0921/1566/5270/files/2472513.jpg?v=1773939653,1,"",false,,,MPN0374484077,,kg,,35.00,active
elegant-black-shoulder-bag-with-contrasting-details,,,,,,,,,,,,,,,,,,,,,,,,,,,,,,,https://cdn.shopify.com/s/files/1/0921/1566/5270/files/2472518.jpg?v=1773939653,2,"",,,,,,,,,
elegant-black-shoulder-bag-with-contrasting-details,,,,,,,,,,,,,,,,,,,,,,,,,,,,,,,https://cdn.shopify.com/s/files/1/0921/1566/5270/files/2472521.jpg?v=1773939653,3,"",,,,,,,,,
elegant-contrasting-laced-sports-sneakers,Elegant Contrasting Laced Sports Sneakers,"<p>Step into style and comfort with these sleek sports sneakers, featuring eye-catching contrasting details and a logo accent that adds a touch of elegance to your athletic look. Perfectly paired with double laces for a bold, customized fit, these sneakers fuse fashion with functionality. Embrace the legacy of Sergio Tacchini with each stride.</p>
<ul>
<li>Material: Polyester</li>
<li>Country of origin: CN</li>
<li>Color: Black</li>
</ul>
",Sergio Tacchini,,"","115729498486, 127, Black, EU37/US7, EU38/US8, EU39/US9, EU40/US10, Low Tops - Sneakers - Shoes, Preowned / Used, Sergio Tacchini, Shoes, Sneakers - Shoes, Women",true,Shoe Size Women,EU37/US7,,,,,,,,SE-15324-EU37-US7,3000.0,shopify,deny,manual,87.91,100.00,true,true,,,,,'9998563085378,https://cdn.shopify.com/s/files/1/0921/1566/5270/files/2478409.jpg?v=1773939654,1,"",false,,,MPN0377159571,,kg,,19.53,active
elegant-contrasting-laced-sports-sneakers,,,,,,,,,EU38/US8,,,,,,,,SE-15324-EU38-US8,3000.0,shopify,deny,manual,87.91,100.00,true,true,,,,,'9998749766015,https://cdn.shopify.com/s/files/1/0921/1566/5270/files/2478421.jpg?v=1773939654,2,"",,,,,,kg,,19.53,
elegant-contrasting-laced-sports-sneakers,,,,,,,,,EU39/US9,,,,,,,,SE-15324-EU39-US9,3000.0,shopify,deny,manual,87.91,100.00,true,true,,,,,'9996637577033,https://cdn.shopify.com/s/files/1/0921/1566/5270/files/2478434.jpg?v=1773939654,3,"",,,,,,kg,,19.53,
elegant-contrasting-laced-sports-sneakers,,,,,,,,,EU40/US10,,,,,,,,SE-15324-EU40-US10,3000.0,shopify,deny,manual,87.91,100.00,true,true,,,,,'9990665507819,,,,,,,,,kg,,19.53,
chic-blue-cotton-tee-with-iconic-logo,Chic Blue Cotton Tee with Iconic Logo,"<p>Embrace effortless style with North Sails’ classic round neck t-shirt, accented with a distinctive logo for a touch of brand identity. Its short sleeves make it a perfect fit for any casual occasion. Crafted from high-quality cotton, this piece not only exudes sophistication but also guarantees comfort.</p>
<ul>
<li>Material: Cotton</li>
<li>Country of origin: TR</li>
<li>Color: Blue</li>
</ul>
",North Sails,,"","115729432950, 127, Blue, Clothing, L, M, Men, New without tags, North Sails, Polo Shirts - T-Shirts - Clothing, T-Shirts - Clothing, XL",true,Italian Size MEN,L,,,,,,,,NO-17694-L,500.0,shopify,deny,manual,74.39,85.00,true,true,,,,,'9991919976832,https://cdn.shopify.com/s/files/1/0921/1566/5270/files/4597255.jpg?v=1773939655,1,"",false,,,MPN0381835432,,kg,,11.96,active
chic-blue-cotton-tee-with-iconic-logo,,,,,,,,,XL,,,,,,,,NO-17694-XL,500.0,shopify,deny,manual,74.39,85.00,true,true,,,,,'9991692904589,https://cdn.shopify.com/s/files/1/0921/1566/5270/files/4597256.jpg?v=1773939655,2,"",,,,,,kg,,11.96,
chic-blue-cotton-tee-with-iconic-logo,,,,,,,,,M,,,,,,,,NO-17694-M,500.0,shopify,deny,manual,74.39,85.00,true,true,,,,,'9996780696865,,,,,,,,,kg,,11.96,
chic-blue-sneakers-with-contrasting-details,Chic Blue Sneakers with Contrasting Details,"<p>Step up your footwear game with these eye-catching blue sneakers, featuring stylish contrasting details for a modern twist. Complete with a versatile second lace option, these shoes are perfect for those looking to make a statement while enjoying comfort and durability. The iconic logo adds a touch of recognized quality, ensuring you’re stepping out in style.</p>
<ul>
<li>Material: 50% Polyester, 50% Polyethylene</li>
<li>Color: Blue</li>
<li>Country of origin: CN</li>
</ul>
<p>Discover the unparalleled blend of comfort and panache with Napapijri’s expert craftsmanship in every step you take.</p>
",Napapijri,,"","115729564022, 127, Blue, EU37/US7, EU40/US10, EU41/US11, Napapijri, New with tags, Platform - Sneakers - Shoes, Shoes, Sneakers - Shoes, Women",true,Shoe Size Women,EU37/US7,,,,,,,,NA-20193-EU37-US7,3000.0,shopify,deny,manual,129.12,144.50,true,true,,,,,'9998437545762,https://cdn.shopify.com/s/files/1/0921/1566/5270/files/2490545.jpg?v=1773939657,1,"",false,,,MPN0383160670,,kg,,47.61,active
chic-blue-sneakers-with-contrasting-details,,,,,,,,,EU40/US10,,,,,,,,NA-20193-EU40-US10,3000.0,shopify,deny,manual,129.12,144.50,true,true,,,,,'9991545412544,https://cdn.shopify.com/s/files/1/0921/1566/5270/files/2490555.jpg?v=1773939657,2,"",,,,,,kg,,47.61,
chic-blue-sneakers-with-contrasting-details,,,,,,,,,EU41/US11,,,,,,,,NA-20193-EU41-US11,3000.0,shopify,deny,manual,129.12,144.50,true,true,,,,,'9993959184895,https://cdn.shopify.com/s/files/1/0921/1566/5270/files/2490567.jpg?v=1773939657,3,"",,,,,,kg,,47.61,
chic-blue-chain-handle-shoulder-bag,Chic Blue Chain Handle Shoulder Bag,"<p>Exude sophistication with this elegant blue shoulder bag, a fashion-forward accessory that complements any outfit. Featuring a versatile chain handle, it offers both an adjustable and removable shoulder strap for various carrying styles. Organize your essentials effortlessly with its convenient inside pocket and card holder. Contrast detailing adds a touch of modernity, while the secure clip closure ensures your belongings are safe. Complete with the iconic logo, this Tommy Hilfiger bag is not just an accessory; it’s a statement.</p>
<ul>
<li>Material: Polyurethane</li>
<li>Country of Origin: KH</li>
<li>Color: Blue</li>
</ul>
",Tommy Hilfiger,,"","115670614390, 127, Bags, Blue, Handbags - Bags, New without tags, Tommy Hilfiger, Women",true,Title,Default Title,,,,,,,,TO-20445,3000.0,shopify,deny,manual,206.30,254.00,true,true,,,,,'9996241890450,https://cdn.shopify.com/s/files/1/0921/1566/5270/files/2944691.jpg?v=1773939658,1,"",false,,,MPN0398363453,,kg,,75.00,active
chic-blue-chain-handle-shoulder-bag,,,,,,,,,,,,,,,,,,,,,,,,,,,,,,,https://cdn.shopify.com/s/files/1/0921/1566/5270/files/2944694.jpg?v=1773939658,2,"",,,,,,,,,
chic-blue-chain-handle-shoulder-bag,,,,,,,,,,,,,,,,,,,,,,,,,,,,,,,https://cdn.shopify.com/s/files/1/0921/1566/5270/files/2944698.jpg?v=1773939658,3,"",,,,,,,,,
chic-white-shoulder-bag-with-contrasting-details,Chic White Shoulder Bag with Contrasting Details,"<p>Refined elegance meets practicality in this stunning white shoulder bag, perfect for the contemporary fashionista. Boasting a single shoulder handle for easy carrying and an internal pocket ideal for securing documents or essentials. Contrasting details add a touch of modern flair, while the secure zip closure ensures your belongings are safe. The iconic logo is prominently displayed, attesting to this bag’s high-end pedigree. Crafted from 100% recycled polyester, it’s an eco-friendly choice for the environmentally conscious style maven.</p>
<p>Brand: Calvin Klein<br>Material: Polyester<br>Country of origin: KH<br>Color: White</p>
",Calvin Klein,,"","115729334646, 127, Bags, Calvin Klein, Handbags - Bags, New with tags, White, Women",true,Title,Default Title,,,,,,,,CA-20492,3000.0,shopify,deny,manual,177.73,218.00,true,true,,,,,'9993464007887,https://cdn.shopify.com/s/files/1/0921/1566/5270/files/2944910.jpg?v=1773939659,1,"",false,,,MPN0398763527,,kg,,63.75,active
chic-white-shoulder-bag-with-contrasting-details,,,,,,,,,,,,,,,,,,,,,,,,,,,,,,,https://cdn.shopify.com/s/files/1/0921/1566/5270/files/2944914.jpg?v=1773939659,2,"",,,,,,,,,
chic-white-shoulder-bag-with-contrasting-details,,,,,,,,,,,,,,,,,,,,,,,,,,,,,,,https://cdn.shopify.com/s/files/1/0921/1566/5270/files/2944917.jpg?v=1773939659,3,"",,,,,,,,,
chic-black-shoulder-bag-with-contrasting-details,Chic Black Shoulder Bag with Contrasting Details,"<p>Step out in style with the La Martina shoulder bag that combines functionality with elegant aesthetics. This chic accessory boasts a durable single shoulder handle, accented with contrasting details for a sophisticated touch. It’s equipped with an adjustable and removable shoulder strap to customize your carry, whether casually slung over the shoulder or carried by hand. The interior reveals a practical pocket to keep your essentials organized, while the zip closure secures your belongings. The iconic logo adds an unmistakable touch of luxury to this versatile bag.</p>
<ul>
<li>Material: Polyurethane</li>
<li>Color: Black</li>
<li>Country of origin: CN</li>
</ul>
",La Martina,,"","115729367414, 127, Bags, Black, Handbags - Bags, La Martina, New with tags, Women",true,Title,Default Title,,,,,,,,LA-20558,3000.0,shopify,deny,manual,201.83,246.00,true,true,,,,,'9991090751358,https://cdn.shopify.com/s/files/1/0921/1566/5270/files/2970740.jpg?v=1773939661,1,"",false,,,MPN0401964112,,kg,,78.75,active
chic-black-shoulder-bag-with-contrasting-details,,,,,,,,,,,,,,,,,,,,,,,,,,,,,,,https://cdn.shopify.com/s/files/1/0921/1566/5270/files/2970744.jpg?v=1773939660,2,"",,,,,,,,,
chic-black-shoulder-bag-with-contrasting-details,,,,,,,,,,,,,,,,,,,,,,,,,,,,,,,https://cdn.shopify.com/s/files/1/0921/1566/5270/files/2970750.jpg?v=1773939661,3,"",,,,,,,,,
elegant-black-shoulder-bag-with-contrasting-details-1,Elegant Black Shoulder Bag with Contrasting Details,"<p>Experience the embodiment of sophistication with the La Martina adjustable shoulder bag. This sleek black accessory is designed not only for aesthetics but also for functionality. It features a convenient external pocket and two internal pockets to keep your essentials organized. The contrasting details add a touch of elegance, while the secure snap fastening ensures your belongings are safe. Adorned with a subtle yet distinguished logo, this bag represents both style and practicality.</p>
<ul>
<li>Material: Polyurethane</li>
<li>Color: Black</li>
<li>Country of origin: CN</li>
</ul>
",La Martina,,"","115729400182, 127, Bags, Black, Handbags - Bags, La Martina, New without tags, Women",true,Title,Default Title,,,,,,,,LA-20557,3000.0,shopify,deny,manual,215.23,263.00,true,true,,,,,'9997434953976,https://cdn.shopify.com/s/files/1/0921/1566/5270/files/2970741.jpg?v=1773939662,1,"",false,,,MPN0402364186,,kg,,83.75,active
elegant-black-shoulder-bag-with-contrasting-details-1,,,,,,,,,,,,,,,,,,,,,,,,,,,,,,,https://cdn.shopify.com/s/files/1/0921/1566/5270/files/2970747.jpg?v=1773939662,2,"",,,,,,,,,
elegant-black-shoulder-bag-with-contrasting-details-1,,,,,,,,,,,,,,,,,,,,,,,,,,,,,,,https://cdn.shopify.com/s/files/1/0921/1566/5270/files/2970752.jpg?v=1773939662,3,"",,,,,,,,,
chic-contrasting-detail-shoulder-bag,Chic Contrasting Detail Shoulder Bag,"<p>Discover the epitome of elegance with La Martina’s shoulder bag, beautifully crafted to enhance your outfit for any sophisticated occasion. Providing a blend of functionality and style, this bag features an adjustable shoulder strap for your convenience, one external pocket for easy access, two internal pockets to keep your items organized, and a secure automatic closure. The contrasting details and the prominent La Martina logo add a touch of luxury to this exquisite accessory.</p>
<ul>
<li>Material: Polyurethane</li>
<li>Country of origin: CN</li>
<li>Color: Black</li>
</ul>
",La Martina,,"","115729531254, 127, Bags, Black, Handbags - Bags, La Martina, New with tags, Women",true,Title,Default Title,,,,,,,,LA-20562,3000.0,shopify,deny,manual,190.53,232.00,true,true,,,,,'9992665707039,https://cdn.shopify.com/s/files/1/0921/1566/5270/files/2970762.jpg?v=1773939663,1,"",false,,,MPN0402764259,,kg,,73.75,active
chic-contrasting-detail-shoulder-bag,,,,,,,,,,,,,,,,,,,,,,,,,,,,,,,https://cdn.shopify.com/s/files/1/0921/1566/5270/files/2970765.jpg?v=1773939663,2,"",,,,,,,,,
chic-contrasting-detail-shoulder-bag,,,,,,,,,,,,,,,,,,,,,,,,,,,,,,,https://cdn.shopify.com/s/files/1/0921/1566/5270/files/2970768.jpg?v=1773939663,3,"",,,,,,,,,
medium-signature-leather-north-south-chain-crossbody-handbag-black,Medium Signature Leather North South Chain Crossbody Handbag Black,"<p style=""font-weight: 400""><b><strong>Style: </strong></b>Michael Kors Jet Set Travel Medium North South Chain Crossbody Bag (Black Signature)</p>
<p style=""font-weight: 400""><b><strong>Material: </strong></b>Signature PVC with Crossgrain Leather Trim</p>
<p style=""font-weight: 400""><b><strong>Features: </strong></b>Adjustable Chain Accented Crossbody Strap, Inner Slip Pocket, 3 Inner Card Slots, Outer Slip Pocket</p>
<p style=""font-weight: 400""><b><strong>Measures:</strong></b> 15.24 cm W x 20.95 cm H x 7.62 cm D</p>
",Michael Kors,,"","115670614390, 127, Bags, Crossbody Bags - Bags, Michael Kors, New with defects, Women",true,Title,Default Title,,,,,,,,'70118,2500.0,shopify,deny,manual,257.40,318.00,true,true,,,,,'9998258183402,https://cdn.shopify.com/s/files/1/0921/1566/5270/files/2987532.jpg?v=1773939665,1,"",false,,,MPN0404639607,,kg,,96.00,active
medium-signature-leather-north-south-chain-crossbody-handbag-black,,,,,,,,,,,,,,,,,,,,,,,,,,,,,,,https://cdn.shopify.com/s/files/1/0921/1566/5270/files/2987531.jpg?v=1773939665,2,"",,,,,,,,,
the-shiny-crinkle-mini-tote-air-blue-leather-crossbody-handbag-purse,The Shiny Crinkle Mini Tote Air Blue Leather Crossbody Handbag Purse,"<p style=""font-weight: 400""><b><strong>Style: </strong></b>Marc Jacobs 'The Shiny Crinkle Mini Tote' Bag (Air Blue)</p>
<p style=""font-weight: 400""><b><strong>Material: </strong></b>Lamb Leather</p>
<p style=""font-weight: 400""><b><strong>Features: </strong></b>Adjustable/Detachable Crossbody Strap, Zip Closure, Inner Zip and Slip Pockets, Twill Lining</p>
<p style=""font-weight: 400""><b><strong>Measures: </strong></b>25.90 cm W x 21.08 cm H x 12.44 cm D</p>
",Marc Jacobs,,"","115729564022, 127, Bags, Crossbody Bags - Bags, Marc Jacobs, New with tags, Women",true,Title,Default Title,,,,,,,,'95021,2500.0,shopify,deny,manual,390.10,445.00,true,true,,,,,'9996892966788,https://cdn.shopify.com/s/files/1/0921/1566/5270/files/3533125.jpg?v=1773939665,1,"",false,,,MPN0407315102,,kg,,242.00,active
the-shiny-crinkle-mini-tote-air-blue-leather-crossbody-handbag-purse,,,,,,,,,,,,,,,,,,,,,,,,,,,,,,,https://cdn.shopify.com/s/files/1/0921/1566/5270/files/3533126.jpg?v=1773939665,2,"",,,,,,,,,
elegant-beige-shoulder-bag-with-gg-snap,Elegant Beige Shoulder Bag with GG Snap,"<p>Step out in style with this exquisite beige shoulder bag, a testament to timeless elegance. Designed by the luxurious Gucci, this piece is brand new with tags, a box, and a dust bag included. Crafted from high-quality calf leather, it features a classic top flap adorned with the iconic interlocking GG snap closure. The bag offers versatility with its gold-toned metal chain complemented by a leather strap, enabling it to be worn on the shoulder or as a crossbody. Inside, it is thoughtfully compartmentalized with two main sections and an internal slip pocket for organization.</p>
<ul>
<li>Material: 100% Calf Leather</li>
<li>Color: Beige</li>
<li>Details: Interlocking GG snap, gold-toned hardware</li>
<li>Strap: 116cm chain and leather</li>
<li>Measurement L*H*W: 20cm*15cm*9cm</li>
<li>Country of origin: IT</li>
</ul>
",Gucci,,"","115729564022, 127, Bags, Crossbody Bags - Bags, Gucci, Preowned / Used, Shoulder Bags - Bags, Women",true,Title,Default Title,,,,,,,,'8091692652,2500.0,shopify,deny,manual,1372.50,1730.00,true,true,,,,,'9990335740263,https://cdn.shopify.com/s/files/1/0921/1566/5270/files/3966396.jpg?v=1773939667,1,"",false,,,MPN0446647298,,kg,,995.00,active
elegant-beige-shoulder-bag-with-gg-snap,,,,,,,,,,,,,,,,,,,,,,,,,,,,,,,https://cdn.shopify.com/s/files/1/0921/1566/5270/files/3966397.jpg?v=1773939667,2,"",,,,,,,,,
elegant-beige-shoulder-bag-with-gg-snap,,,,,,,,,,,,,,,,,,,,,,,,,,,,,,,https://cdn.shopify.com/s/files/1/0921/1566/5270/files/3965027.jpg?v=1773939667,3,"",,,,,,,,,
elegant-beige-shoulder-bag-with-gg-snap,,,,,,,,,,,,,,,,,,,,,,,,,,,,,,,https://cdn.shopify.com/s/files/1/0921/1566/5270/files/3965028.jpg?v=1773939667,4,"",,,,,,,,,
elegant-beige-shoulder-bag-with-gg-snap,,,,,,,,,,,,,,,,,,,,,,,,,,,,,,,https://cdn.shopify.com/s/files/1/0921/1566/5270/files/3965029.jpg?v=1773939667,5,"",,,,,,,,,
elegant-beige-shoulder-bag-with-gg-snap,,,,,,,,,,,,,,,,,,,,,,,,,,,,,,,https://cdn.shopify.com/s/files/1/0921/1566/5270/files/3965030.jpg?v=1773939667,6,"",,,,,,,,,
elegant-beige-shoulder-bag-with-gg-snap,,,,,,,,,,,,,,,,,,,,,,,,,,,,,,,https://cdn.shopify.com/s/files/1/0921/1566/5270/files/3965031.jpg?v=1773939667,7,"",,,,,,,,,
elegant-quilted-leather-zip-wallet,Elegant Quilted Leather Zip Wallet,"<p>Step up your accessory game with this stunning zip-around wallet, synonymous with luxury and finesse. A splendid blend of form and function, this wallet is a true representation of high fashion. Crafted from premium quilted Nappa leather, this wallet is not just a statement piece but a practical companion for everyday elegance. Featuring the iconic gold toned Medusa head logo that instantly screams Versace, this piece is designed to organize and secure your essentials with style.</p>
<ul>
<li>Brand: Versace</li>
<li>Color: Green</li>
<li>Material: Quilted Nappa Leather</li>
<li>Country of origin: IT</li>
<li>Details: Gold toned Medusa head logo, zip around closure</li>
<li>Compartments: 2 main, 1 internal zip, 2 slip</li>
<li>Card Slots: 12</li>
<li>Measurements: 20cm*11cm*2cm</li>
</ul>
",Versace,,"","115729564022, 127, Bags, Cardholders - Wallets - Bags, Leather Accessories - Bags, New without tags, Versace, Wallets - Bags, Women",true,Title,Default Title,,,,,,,,'8054712087325,1000.0,shopify,deny,manual,582.40,760.00,true,true,,,,,'9992155201948,https://cdn.shopify.com/s/files/1/0921/1566/5270/files/4094289.jpg?v=1773939668,1,"",false,,,MPN0479453304,,kg,,296.00,active
elegant-quilted-leather-zip-wallet,,,,,,,,,,,,,,,,,,,,,,,,,,,,,,,https://cdn.shopify.com/s/files/1/0921/1566/5270/files/4094290.jpg?v=1773939668,2,"",,,,,,,,,
elegant-quilted-leather-zip-wallet,,,,,,,,,,,,,,,,,,,,,,,,,,,,,,,https://cdn.shopify.com/s/files/1/0921/1566/5270/files/4094291.jpg?v=1773939668,3,"",,,,,,,,,
elegant-quilted-leather-zip-wallet,,,,,,,,,,,,,,,,,,,,,,,,,,,,,,,https://cdn.shopify.com/s/files/1/0921/1566/5270/files/4094292.jpg?v=1773939669,4,"",,,,,,,,,
elegant-quilted-leather-zip-wallet,,,,,,,,,,,,,,,,,,,,,,,,,,,,,,,https://cdn.shopify.com/s/files/1/0921/1566/5270/files/4094293.jpg?v=1773939668,5,"",,,,,,,,,
elegant-quilted-leather-zip-wallet,,,,,,,,,,,,,,,,,,,,,,,,,,,,,,,https://cdn.shopify.com/s/files/1/0921/1566/5270/files/4094294.jpg?v=1773939668,6,"",,,,,,,,,
elegant-purple-quilted-leather-wallet,Elegant Purple Quilted Leather Wallet,"<p>Discover sophistication with our striking Versace Bifold Zip Wallet, a testament to timeless elegance and functionality. This luxurious accessory, complete with original tags, box, and dustbag, is sure to enchant with its rich purple hue and plush quilted Nappa leather craftsmanship.</p>
<p>Fashion meets practicality with its secure zip around and snap closures, accented by the iconic gold-toned Medusa head logo. Inside, find ultimate organization with two main compartments and six card slots, ensuring your essentials are always in order and style.</p>
<ul>
<li>Material: Quilted Nappa Leather</li>
<li>Color: Purple</li>
<li>Measurements: 12cm*9cm*3cm</li>
<li>Country of Origin: IT</li>
</ul>
",Versace,,"","115729564022, 127, Bags, Cardholders - Wallets - Bags, Leather Accessories - Bags, New with defects, Versace, Wallets - Bags, Women",true,Title,Default Title,,,,,,,,'8054712087288,1000.0,shopify,deny,manual,529.20,690.00,true,true,,,,,'9992250508034,https://cdn.shopify.com/s/files/1/0921/1566/5270/files/4094296.jpg?v=1773939669,1,"",false,,,MPN0480128432,,kg,,268.00,active
elegant-purple-quilted-leather-wallet,,,,,,,,,,,,,,,,,,,,,,,,,,,,,,,https://cdn.shopify.com/s/files/1/0921/1566/5270/files/4094297.jpg?v=1773939669,2,"",,,,,,,,,
elegant-purple-quilted-leather-wallet,,,,,,,,,,,,,,,,,,,,,,,,,,,,,,,https://cdn.shopify.com/s/files/1/0921/1566/5270/files/4094298.jpg?v=1773939669,3,"",,,,,,,,,
elegant-purple-quilted-leather-wallet,,,,,,,,,,,,,,,,,,,,,,,,,,,,,,,https://cdn.shopify.com/s/files/1/0921/1566/5270/files/4094300.jpg?v=1773939670,4,"",,,,,,,,,
elegant-purple-quilted-leather-wallet,,,,,,,,,,,,,,,,,,,,,,,,,,,,,,,https://cdn.shopify.com/s/files/1/0921/1566/5270/files/4094299.jpg?v=1773939669,5,"",,,,,,,,,
elegant-purple-quilted-leather-wallet,,,,,,,,,,,,,,,,,,,,,,,,,,,,,,,https://cdn.shopify.com/s/files/1/0921/1566/5270/files/4094301.jpg?v=1773939669,6,"",,,,,,,,,
kenly-large-signature-citrus-pvc-north-south-tote-computer-handbag,Kenly Large Signature Citrus PVC North South Tote Computer Handbag,"<p class=""p1""><span style=""color: #000000;font-family: Times New Roman"">Style: Michael Kors Kenly Large North South Tote Bag (Citrus Multi)</span></p>
<p class=""p1"">Material: Signature PVC with Smooth Leather Trim</p>
<p class=""p1"">Features: Interior Zip Pocket, Outer Zip Pocket, Adjustable and Detachable Shoulder Strap</p>
<p class=""p1"">Measures: 36.19 cm L x 33.65 cm H x 13.33 cm D</p>
",Michael Kors,,"","115729432950, 127, Bags, Michael Kors, New with defects, Tote Bags - Bags, Women",true,Title,Default Title,,,,,,,,'56592,3000.0,shopify,deny,manual,332.80,418.00,true,true,,,,,'9991653782010,https://cdn.shopify.com/s/files/1/0921/1566/5270/files/4130058.jpg?v=1773939671,1,"",false,,,MPN0495856307,,kg,,114.00,active
kenly-large-signature-citrus-pvc-north-south-tote-computer-handbag,,,,,,,,,,,,,,,,,,,,,,,,,,,,,,,https://cdn.shopify.com/s/files/1/0921/1566/5270/files/4130057.jpg?v=1773939670,2,"",,,,,,,,,
kenly-large-signature-citrus-pvc-north-south-tote-computer-handbag,,,,,,,,,,,,,,,,,,,,,,,,,,,,,,,https://cdn.shopify.com/s/files/1/0921/1566/5270/files/4130056.jpg?v=1773939670,3,"",,,,,,,,,
elegant-red-python-leather-shoulder-strap,Elegant Red Python Leather Shoulder Strap,"<p>Introducing your new wardrobe staple – a luxurious <strong>Dolce &amp; Gabbana</strong> shoulder strap, perfect for adding a touch of elegance to your handbag collection. Crafted from exquisite red python leather with dazzling gold metal details, this strap is not just an accessory, it’s a statement. Featuring two gold-tone lobster clasps, it offers both style and practicality, allowing for easy attachment to your favorite bags.</p>
<ul>
<li>Material: 100% Python Leather</li>
<li>Color: Red</li>
<li>Country of Origin: IT</li>
<li>Logo Details</li>
<li>Made in Italy</li>
<li>Measurements: 70cm x 3cm</li>
</ul>
",Dolce & Gabbana,,"","115729498486, 127, Bags, Dolce & Gabbana, Leather Accessories - Bags, Material: 100% Python Leather, New with defects, Red, Women",true,Title,Default Title,,,,,,,,BEL8720,500.0,shopify,deny,manual,530.00,835.00,true,true,,,,,'9996674139591,https://cdn.shopify.com/s/files/1/0921/1566/5270/files/4159193.jpg?v=1773939672,1,"",false,,,MPN0497456599,,kg,,205.00,active
elegant-red-python-leather-shoulder-strap,,,,,,,,,,,,,,,,,,,,,,,,,,,,,,,https://cdn.shopify.com/s/files/1/0921/1566/5270/files/4159194.jpg?v=1773939672,2,"",,,,,,,,,
elegant-red-python-leather-shoulder-strap,,,,,,,,,,,,,,,,,,,,,,,,,,,,,,,https://cdn.shopify.com/s/files/1/0921/1566/5270/files/4159195.jpg?v=1773939672,3,"",,,,,,,,,
elegant-red-python-leather-shoulder-strap,,,,,,,,,,,,,,,,,,,,,,,,,,,,,,,https://cdn.shopify.com/s/files/1/0921/1566/5270/files/4159196.jpg?v=1773939672,4,"",,,,,,,,,
elegant-red-python-leather-shoulder-strap,,,,,,,,,,,,,,,,,,,,,,,,,,,,,,,https://cdn.shopify.com/s/files/1/0921/1566/5270/files/4159197.jpg?v=1773939672,5,"",,,,,,,,,
elegant-beige-python-leather-bag-strap,Elegant Beige Python Leather Bag Strap,"<p>Enhance your accessory game with the exquisite <strong>Dolce &amp; Gabbana</strong> shoulder bag strap, perfect for adding a touch of elegance to your handbag repertoire. Crafted from luxurious 100% python leather in a versatile beige shade, this strap features shining gold-tone lobster clasps providing both functionality and a hint of glamour. Made in Italy with precision, it promises to elevate your look with its refined design.</p>
<ul>
<li>Color: Beige with gold metal detailing</li>
<li>Material: 100% Python Leather</li>
<li>Country of Origin: IT</li>
<li>Measurements: 70cm x 3cm</li>
<li>Logo Details</li>
</ul>
",Dolce & Gabbana,,"","115729367414, 127, Bags, Beige, Dolce & Gabbana, Leather Accessories - Bags, Material: 100% Python Leather, New with defects, Women",true,Title,Default Title,,,,,,,,BEL8724,500.0,shopify,deny,manual,587.00,925.00,true,true,,,,,'9999118173823,https://cdn.shopify.com/s/files/1/0921/1566/5270/files/4159209.jpg?v=1773939674,1,"",false,,,MPN0498006710,,kg,,229.00,active
elegant-beige-python-leather-bag-strap,,,,,,,,,,,,,,,,,,,,,,,,,,,,,,,https://cdn.shopify.com/s/files/1/0921/1566/5270/files/4159210.jpg?v=1773939673,2,"",,,,,,,,,
elegant-beige-python-leather-bag-strap,,,,,,,,,,,,,,,,,,,,,,,,,,,,,,,https://cdn.shopify.com/s/files/1/0921/1566/5270/files/4159211.jpg?v=1773939673,3,"",,,,,,,,,
elegant-beige-python-leather-bag-strap,,,,,,,,,,,,,,,,,,,,,,,,,,,,,,,https://cdn.shopify.com/s/files/1/0921/1566/5270/files/4159212.jpg?v=1773939673,4,"",,,,,,,,,
elegant-python-leather-shoulder-strap-accessory,Elegant Python Leather Shoulder Strap Accessory,"<p>Refine your handbag ensemble with the stunning <strong>Dolce &amp; Gabbana</strong> leather shoulder strap, a perfect blend of functionality and style. Gorgeous, brand new with tags, this accessory is certain to elevate your collection with its exquisite brown python leather design. Accented with luxurious gold-tone lobster clasps, this shoulder strap promises a seamless attachment to your favorite bags, ensuring a sophisticated touch to your day-to-day or evening looks.</p>
<ul>
<li>Material: 100% Python Leather</li>
<li>Color: Brown with gold metal detailing</li>
<li>Logo Details</li>
<li>Made in Italy</li>
<li>Measurements: 70cm x 3cm</li>
</ul>
",Dolce & Gabbana,,"","115729367414, 127, Bags, Brown, Dolce & Gabbana, Leather Accessories - Bags, Material: 100% Python Leather, Preowned / Used, Women",true,Title,Default Title,,,,,,,,BEL8729,500.0,shopify,deny,manual,587.00,925.00,true,true,,,,,'9997321118693,https://cdn.shopify.com/s/files/1/0921/1566/5270/files/4159238.jpg?v=1773939675,1,"",false,,,MPN0498531801,,kg,,229.00,active
elegant-python-leather-shoulder-strap-accessory,,,,,,,,,,,,,,,,,,,,,,,,,,,,,,,https://cdn.shopify.com/s/files/1/0921/1566/5270/files/4159239.jpg?v=1773939674,2,"",,,,,,,,,
elegant-python-leather-shoulder-strap-accessory,,,,,,,,,,,,,,,,,,,,,,,,,,,,,,,https://cdn.shopify.com/s/files/1/0921/1566/5270/files/4159240.jpg?v=1773939675,3,"",,,,,,,,,
elegant-python-leather-shoulder-strap-accessory,,,,,,,,,,,,,,,,,,,,,,,,,,,,,,,https://cdn.shopify.com/s/files/1/0921/1566/5270/files/4159241.jpg?v=1773939675,4,"",,,,,,,,,
elegant-python-leather-shoulder-strap-accessory,,,,,,,,,,,,,,,,,,,,,,,,,,,,,,,https://cdn.shopify.com/s/files/1/0921/1566/5270/files/4159242.jpg?v=1773939674,5,"",,,,,,,,,
elegant-python-leather-shoulder-strap-accessory,,,,,,,,,,,,,,,,,,,,,,,,,,,,,,,https://cdn.shopify.com/s/files/1/0921/1566/5270/files/4159244.jpg?v=1773939675,6,"",,,,,,,,,
elegant-python-leather-shoulder-strap-accessory,,,,,,,,,,,,,,,,,,,,,,,,,,,,,,,https://cdn.shopify.com/s/files/1/0921/1566/5270/files/4159245.jpg?v=1773939675,7,"",,,,,,,,,
elegant-python-leather-shoulder-strap-accessory,,,,,,,,,,,,,,,,,,,,,,,,,,,,,,,https://cdn.shopify.com/s/files/1/0921/1566/5270/files/4159246.jpg?v=1773939675,8,"",,,,,,,,,
elegant-blue-python-leather-bag-strap,Elegant Blue Python Leather Bag Strap,"<p>Enhance your accessories collection with this luxurious shoulder strap from <strong>Dolce &amp; Gabbana</strong>. Crafted from premium 100% Python leather, this eye-catching blue strap offers an easy blend of style and functionality. Adorned with opulent gold-tone lobster clasps, it’s the perfect way to personalize your favorite handbags.</p>
<p>Color: Blue with gold metal detailing<br>
Material: 100% Python Leather<br>
Country of origin: IT<br>
Measurements: 70cm x 3cm<br>
Logo Details<br>
Made in Italy</p>
",Dolce & Gabbana,,"","115729465718, 127, Bags, Blue, Dolce & Gabbana, Leather Accessories - Bags, Material: 100% Python Leather, New with tags, Women",true,Title,Default Title,,,,,,,,BEL8730,500.0,shopify,deny,manual,587.00,925.00,true,true,,,,,'9997678125054,https://cdn.shopify.com/s/files/1/0921/1566/5270/files/4159247.jpg?v=1773939676,1,"",false,,,MPN0499456966,,kg,,229.00,active
elegant-blue-python-leather-bag-strap,,,,,,,,,,,,,,,,,,,,,,,,,,,,,,,https://cdn.shopify.com/s/files/1/0921/1566/5270/files/4159248.jpg?v=1773939676,2,"",,,,,,,,,
elegant-blue-python-leather-bag-strap,,,,,,,,,,,,,,,,,,,,,,,,,,,,,,,https://cdn.shopify.com/s/files/1/0921/1566/5270/files/4159249.jpg?v=1773939676,3,"",,,,,,,,,
elegant-blue-python-leather-bag-strap,,,,,,,,,,,,,,,,,,,,,,,,,,,,,,,https://cdn.shopify.com/s/files/1/0921/1566/5270/files/4159250.jpg?v=1773939676,4,"",,,,,,,,,
elegant-blue-python-leather-bag-strap,,,,,,,,,,,,,,,,,,,,,,,,,,,,,,,https://cdn.shopify.com/s/files/1/0921/1566/5270/files/4159251.jpg?v=1773939676,5,"",,,,,,,,,
elegant-blue-python-leather-bag-strap,,,,,,,,,,,,,,,,,,,,,,,,,,,,,,,https://cdn.shopify.com/s/files/1/0921/1566/5270/files/4159252.jpg?v=1773939676,6,"",,,,,,,,,
elegant-blue-python-leather-bag-strap,,,,,,,,,,,,,,,,,,,,,,,,,,,,,,,https://cdn.shopify.com/s/files/1/0921/1566/5270/files/4159253.jpg?v=1773939676,7,"",,,,,,,,,
elegant-python-leather-shoulder-strap,Elegant Python Leather Shoulder Strap,"<p>Enhance your accessory game with this luxurious <strong>Dolce &amp; Gabbana</strong> shoulder strap, perfect for adding a touch of elegance to your handbag collection. Crafted from exquisite brown python leather, this strap captures attention with its gleaming gold-tone metal detailing. Functional meets fashion with two practical gold-tone lobster clasps, making it a breeze to attach to your favorite bags. This made-in-Italy piece not only elevates your style but also boasts the prestigious craftsmanship associated with high fashion.</p>
<ul>
<li>Material: 100% Python Leather</li>
<li>Color: Brown with gold metal detailing</li>
<li>Country of Origin: IT</li>
<li>Measurements: 100cm x 3cm</li>
</ul>
",Dolce & Gabbana,,"","115729334646, 127, Bags, Brown, Dolce & Gabbana, Leather Accessories - Bags, Material: 100% Python Leather, Preowned / Used, Women",true,Title,Default Title,,,,,,,,BEL8741,500.0,shopify,deny,manual,601.00,1105.00,true,true,,,,,'9999062764597,https://cdn.shopify.com/s/files/1/0921/1566/5270/files/4159311.jpg?v=1773939677,1,"",false,,,MPN0500257112,,kg,,245.00,active
elegant-python-leather-shoulder-strap,,,,,,,,,,,,,,,,,,,,,,,,,,,,,,,https://cdn.shopify.com/s/files/1/0921/1566/5270/files/4159312.jpg?v=1773939677,2,"",,,,,,,,,
elegant-python-leather-shoulder-strap,,,,,,,,,,,,,,,,,,,,,,,,,,,,,,,https://cdn.shopify.com/s/files/1/0921/1566/5270/files/4159313.jpg?v=1773939677,3,"",,,,,,,,,
elegant-python-leather-shoulder-strap,,,,,,,,,,,,,,,,,,,,,,,,,,,,,,,https://cdn.shopify.com/s/files/1/0921/1566/5270/files/4159315.jpg?v=1773939677,4,"",,,,,,,,,
elegant-python-leather-shoulder-strap,,,,,,,,,,,,,,,,,,,,,,,,,,,,,,,https://cdn.shopify.com/s/files/1/0921/1566/5270/files/4159316.jpg?v=1773939677,5,"",,,,,,,,,
elegant-python-leather-shoulder-strap,,,,,,,,,,,,,,,,,,,,,,,,,,,,,,,https://cdn.shopify.com/s/files/1/0921/1566/5270/files/4159317.jpg?v=1773939677,6,"",,,,,,,,,
jet-set-medium-powder-blush-leather-front-zip-chain-tote-bag-purse,Jet Set Medium Powder Blush Leather Front Zip Chain Tote Bag Purse,"<p style=""font-weight: 400""><b>Style: </b>Michael Kors Jet Set Medium Front Zip Chain Tote Bag (Powder Blush)</p>
<p style=""font-weight: 400""><b>Material: </b>Pebbled Leather</p>
<p style=""font-weight: 400""><b>Features: </b>Inner Zip and Slip Pockets, Fabric Lined, Outer Zip Pocket</p>
<p style=""font-weight: 400""><b>Measures: </b>38.1 cm W x 24.13 cm H x 12.7 cm D</p>
",Michael Kors,,"","115670614390, 127, Bags, Michael Kors, New without tags, Tote Bags - Bags, Women",true,Title,Default Title,,,,,,,,'30249,3000.0,shopify,deny,manual,367.50,468.00,true,true,,,,,'9994594318416,https://cdn.shopify.com/s/files/1/0921/1566/5270/files/4184297.jpg?v=1773939679,1,"",false,,,MPN0508658650,,kg,,113.00,active
jet-set-medium-powder-blush-leather-front-zip-chain-tote-bag-purse,,,,,,,,,,,,,,,,,,,,,,,,,,,,,,,https://cdn.shopify.com/s/files/1/0921/1566/5270/files/4184296.jpg?v=1773939678,2,"",,,,,,,,,
jet-set-medium-powder-blush-leather-front-zip-chain-tote-bag-purse,,,,,,,,,,,,,,,,,,,,,,,,,,,,,,,https://cdn.shopify.com/s/files/1/0921/1566/5270/files/4184295.jpg?v=1773939678,3,"",,,,,,,,,
elegant-gold-black-shoulder-bag-strap,Elegant Gold Black Shoulder Bag Strap,"<p>Upgrade your accessory game with this stunning Dolce &amp; Gabbana shoulder bag strap. A versatile addition to your handbag collection, this piece blends luxury with functionality. Crafted from a mix of high-quality materials and adorned with gold metal detailing, it’s designed to fit effortlessly on a range of bags, instantly elevating your look.</p>
<ul>
<li>Color: Gold Black</li>
<li>Material: 13% Lurex, 12% Nylon, 65% Polyester, 10% Leather</li>
<li>Country of Origin: Italy</li>
<li>Logo Details</li>
<li>Measurements: 68cm</li>
</ul>
",Dolce & Gabbana,,"","10% Leather, 115729432950, 12% Nylon, 127, 65% Polyester, Bags, Dolce & Gabbana, Gold Black, Leather Accessories - Bags, Material: 13% Lurex, New with tags, Women",true,Title,Default Title,,,,,,,,SMY101114,500.0,shopify,deny,manual,753.00,1350.00,true,true,,,,,'9998231559286,https://cdn.shopify.com/s/files/1/0921/1566/5270/files/4216089.jpg?v=1773939680,1,"",false,,,MPN0524936635,,kg,,335.00,active
elegant-gold-black-shoulder-bag-strap,,,,,,,,,,,,,,,,,,,,,,,,,,,,,,,https://cdn.shopify.com/s/files/1/0921/1566/5270/files/4216090.jpg?v=1773939680,2,"",,,,,,,,,
elegant-gold-black-shoulder-bag-strap,,,,,,,,,,,,,,,,,,,,,,,,,,,,,,,https://cdn.shopify.com/s/files/1/0921/1566/5270/files/4216091.jpg?v=1773939680,3,"",,,,,,,,,
elegant-gold-black-shoulder-bag-strap,,,,,,,,,,,,,,,,,,,,,,,,,,,,,,,https://cdn.shopify.com/s/files/1/0921/1566/5270/files/4216092.jpg?v=1773939680,4,"",,,,,,,,,
elegant-gold-black-shoulder-bag-strap,,,,,,,,,,,,,,,,,,,,,,,,,,,,,,,https://cdn.shopify.com/s/files/1/0921/1566/5270/files/4216093.jpg?v=1773939680,5,"",,,,,,,,,
elegant-gold-black-shoulder-bag-strap,,,,,,,,,,,,,,,,,,,,,,,,,,,,,,,https://cdn.shopify.com/s/files/1/0921/1566/5270/files/4216094.jpg?v=1773939680,6,"",,,,,,,,,
elegant-gold-black-shoulder-bag-strap,,,,,,,,,,,,,,,,,,,,,,,,,,,,,,,https://cdn.shopify.com/s/files/1/0921/1566/5270/files/4216088.jpg?v=1773939680,7,"",,,,,,,,,
elegant-blue-leather-wallet-with-multiple-compartments,Elegant Blue Leather Wallet with Multiple Compartments,"<p>Discover the perfect blend of functionality and style with this exquisite blue leather wallet, a must-have accessory for the discerning individual. Crafted with precision, this wallet features five well-organized compartments, providing ample space for your cards, coins, and essentials. The sleek design is accentuated with a subtle, yet recognizable logo, making it an impeccable choice for both everyday use and special occasions.</p>
<ul>
<li>Material: 100% Leather</li>
<li>Color: Blue</li>
<li>Country of origin: CN</li>
</ul>
<p>Indulge in the luxury and sophistication that Tommy Hilfiger is renowned for. This wallet is not just a practical asset but a statement of elegance.</p>
",Tommy Hilfiger,,"","115729432950, 127, Bags, Blue, Leather Wallets - Wallets - Bags, New with tags, Tommy Hilfiger, Wallets - Bags, Women",true,Title,Default Title,,,,,,,,TO-8694,0.0,shopify,deny,manual,126.95,144.00,true,true,,,,,'9997027541979,https://cdn.shopify.com/s/files/1/0921/1566/5270/files/4256164.webp?v=1773939681,1,"",false,,,MPN0571870223,,kg,,38.75,active
elegant-blue-leather-wallet-with-multiple-compartments,,,,,,,,,,,,,,,,,,,,,,,,,,,,,,,https://cdn.shopify.com/s/files/1/0921/1566/5270/files/4256169.webp?v=1773939681,2,"",,,,,,,,,
elegant-blue-leather-wallet-with-multiple-compartments,,,,,,,,,,,,,,,,,,,,,,,,,,,,,,,https://cdn.shopify.com/s/files/1/0921/1566/5270/files/4256183.webp?v=1773939681,3,"",,,,,,,,,
elegant-black-polyethylene-wallet-with-zip-closure,Elegant Black Polyethylene Wallet with Zip Closure,"<p>Step up your accessory game with the timeless design and functionality of Tommy Hilfiger’s elegant wallet. Perfect for the fashion-savvy individual, this wallet offers five compartments including a coin holder, multiple card spaces, and the iconic logo, all secured with a sleek zip closure.</p>
<ul>
<li>Material: 100% Polyethylene</li>
<li>Color: Black</li>
<li>Country of origin: KH</li>
</ul>
",Tommy Hilfiger,,"","115729432950, 127, Bags, Black, Leather Wallets - Wallets - Bags, New with defects, Tommy Hilfiger, Wallets - Bags, Women",true,Title,Default Title,,,,,,,,TO-13711,0.0,shopify,deny,manual,100.15,113.00,true,true,,,,,'9990280887518,https://cdn.shopify.com/s/files/1/0921/1566/5270/files/4257193.webp?v=1773939682,1,"",false,,,MPN0572270296,,kg,,28.75,active
elegant-black-polyethylene-wallet-with-zip-closure,,,,,,,,,,,,,,,,,,,,,,,,,,,,,,,https://cdn.shopify.com/s/files/1/0921/1566/5270/files/4257199.webp?v=1773939682,2,"",,,,,,,,,
elegant-black-polyethylene-wallet-with-zip-closure,,,,,,,,,,,,,,,,,,,,,,,,,,,,,,,https://cdn.shopify.com/s/files/1/0921/1566/5270/files/4257209.webp?v=1773939682,3,"",,,,,,,,,
chic-dual-compartment-designer-wallet,Chic Dual Compartment Designer Wallet,"<p>Master the art of organization and style with the Guess Jeans chic wallet, a sophisticated accessory for the modern woman. This elegant wallet houses 2 main compartments, a handy coin purse, and multiple card spaces to keep your essentials neatly aligned. The contrasting details and snap closure fuse functionality with fashion, while the prominent logo showcases your taste for renowned quality.</p>
<p>Color: Black<br>Material: 100% Polyethylene<br>Country of origin: MM</p>
",Guess Jeans,,"","115670614390, 127, Bags, Black, Guess Jeans, Leather Wallets - Wallets - Bags, New without tags, Wallets - Bags, Women",true,Title,Default Title,,,,,,,,GU-14442,0.0,shopify,deny,manual,77.00,85.00,true,true,,,,,'9994328032847,https://cdn.shopify.com/s/files/1/0921/1566/5270/files/4257359.webp?v=1773939683,1,"",false,,,MPN0572670369,,kg,,25.00,active
chic-dual-compartment-designer-wallet,,,,,,,,,,,,,,,,,,,,,,,,,,,,,,,https://cdn.shopify.com/s/files/1/0921/1566/5270/files/4257370.webp?v=1773939683,2,"",,,,,,,,,
chic-dual-compartment-designer-wallet,,,,,,,,,,,,,,,,,,,,,,,,,,,,,,,https://cdn.shopify.com/s/files/1/0921/1566/5270/files/4257382.webp?v=1773939684,3,"",,,,,,,,,
beige-lace-up-sneaker-with-contrasting-detail,Beige Lace-Up Sneaker with Contrasting Detail,"<p>Sporty yet stylish, these beige lace-up sneakers feature eye-catching contrasting details and the iconic Vans logo for an effortlessly cool look. Crafted for comfort and durability, they’re ideal for everyday wear.</p>
<ul>
<li>Material: 30% Polyester, 40% Leather, 30% Polyethylene</li>
<li>Country of origin: VN</li>
<li>Color: Beige</li>
</ul>
",Vans,,"","115729465718, 127, Athletic - Sneakers - Shoes, Beige, EU36.5/US6.5, EU36/US6, EU38.5/US8.5, EU38/US8, Preowned / Used, Shoes, Sneakers - Shoes, Vans, Women",true,Shoe Size Women,EU36/US6,,,,,,,,VA-19741-EU36-US6,0.0,shopify,deny,manual,121.22,134.50,true,true,,,,,'9992646320974,https://cdn.shopify.com/s/files/1/0921/1566/5270/files/4261191.webp?v=1773939686,1,"",false,,,MPN0578671468,,kg,,48.10,active
beige-lace-up-sneaker-with-contrasting-detail,,,,,,,,,EU36.5/US6.5,,,,,,,,VA-19741-EU36-5-US6-5,0.0,shopify,deny,manual,121.22,134.50,true,true,,,,,'9995720393109,https://cdn.shopify.com/s/files/1/0921/1566/5270/files/4261199.webp?v=1773939685,2,"",,,,,,kg,,48.10,
beige-lace-up-sneaker-with-contrasting-detail,,,,,,,,,EU38.5/US8.5,,,,,,,,VA-19741-EU38-5-US8-5,0.0,shopify,deny,manual,121.22,134.50,true,true,,,,,'9999171780747,https://cdn.shopify.com/s/files/1/0921/1566/5270/files/4261208.webp?v=1773939685,3,"",,,,,,kg,,48.10,
beige-lace-up-sneaker-with-contrasting-detail,,,,,,,,,EU38/US8,,,,,,,,VA-19741-EU38-US8,0.0,shopify,deny,manual,121.22,134.50,true,true,,,,,'9995783862475,,,,,,,,,kg,,48.10,
beige-lace-up-sneaker-with-contrasting-details,Beige Lace-Up Sneaker with Contrasting Details,"<p>Step into comfort and style with these sleek lace-up sneakers, featuring a second lace option and eye-catching contrasting details. The Diadora logo adds a mark of quality and sporty elegance. These versatile shoes are perfect for a casual outing or adding a trendy touch to your athletic wear.</p>
<p>Material: 40% Fabric, 40% Leather, 20% Cotton<br>Country of origin: PT<br>Color: Beige</p>
",Diadora,,"","115729564022, 127, Beige, Chunky - Sneakers - Shoes, Diadora, EU35.5/US5.5, EU36/US6, Preowned / Used, Shoes, Sneakers - Shoes, Women",true,Shoe Size Women,EU35.5/US5.5,,,,,,,,DI-3506-EU35-5-US5-5,0.0,shopify,deny,manual,168.54,218.50,true,true,,,,,'9990944870726,https://cdn.shopify.com/s/files/1/0921/1566/5270/files/4267437.webp?v=1773939687,1,"",false,,,MPN0585072640,,kg,,31.95,active
beige-lace-up-sneaker-with-contrasting-details,,,,,,,,,EU36/US6,,,,,,,,DI-3506-EU36-US6,0.0,shopify,deny,manual,168.54,218.50,true,true,,,,,'9997193188787,https://cdn.shopify.com/s/files/1/0921/1566/5270/files/4267443.webp?v=1773939686,2,"",,,,,,kg,,31.95,
beige-lace-up-sneaker-with-contrasting-details,,,,,,,,,,,,,,,,,,,,,,,,,,,,,,,https://cdn.shopify.com/s/files/1/0921/1566/5270/files/4267450.webp?v=1773939687,3,"",,,,,,,,,
sleek-white-sneakers-with-eco-friendly-twist,Sleek White Sneakers with Eco-Friendly Twist,"<p>Step into sustainable style with these fashion-forward sneakers featuring a classic lace-up design, contrasting accents, and iconic logo detail. Crafted with an eco-conscious blend, these shoes boast 50% recycled materials, showcasing your commitment to fashion that’s better for the planet.</p>
<p>Color: White<br>Material: 10% Polyester, 70% Leather, 20% Polyethylene<br>Country of origin: CN<br>Brand: Calvin Klein</p>
",Calvin Klein,,"","115670614390, 127, Calvin Klein, EU36/US6, EU38/US8, EU39/US9, EU40/US10, Low Tops - Sneakers - Shoes, New with tags, Shoes, Sneakers - Shoes, White, Women",true,Shoe Size Women,EU36/US6,,,,,,,,CA-21735-EU36-US6,0.0,shopify,deny,manual,146.58,164.00,true,true,,,,,'9990338324286,https://cdn.shopify.com/s/files/1/0921/1566/5270/files/4272472.webp?v=1773939688,1,"",false,,,MPN0589198390,,kg,,56.88,active
sleek-white-sneakers-with-eco-friendly-twist,,,,,,,,,EU38/US8,,,,,,,,CA-21735-EU38-US8,0.0,shopify,deny,manual,146.58,164.00,true,true,,,,,'9990133971180,https://cdn.shopify.com/s/files/1/0921/1566/5270/files/4272477.webp?v=1773939688,2,"",,,,,,kg,,56.88,
sleek-white-sneakers-with-eco-friendly-twist,,,,,,,,,EU39/US9,,,,,,,,CA-21735-EU39-US9,0.0,shopify,deny,manual,146.58,164.00,true,true,,,,,'9999356295363,https://cdn.shopify.com/s/files/1/0921/1566/5270/files/4272482.webp?v=1773939688,3,"",,,,,,kg,,56.88,
sleek-white-sneakers-with-eco-friendly-twist,,,,,,,,,EU40/US10,,,,,,,,CA-21735-EU40-US10,0.0,shopify,deny,manual,146.58,164.00,true,true,,,,,'9997224972330,,,,,,,,,kg,,56.88,
elegant-sepia-brown-calfskin-shoulder-handbag,Elegant Sepia Brown Calfskin Shoulder Handbag,"<p>Immerse yourself in the epitome of elegance with this stunning Chloé Tess Handbag. A standout piece with its rich Sepia Brown hue, crafted from the finest 100% Calf Leather Bos Taurus for an unparalleled luxurious feel. The handbag’s pebble structure and gleaming gold-coloured hardware, including the distinctive front metal ring details, exude sophistication and eye-catching style. Designed with a user-friendly hinged door featuring a magnetic clasp for secure and easy access, this handbag offers versatility with its removable and adjustable leather shoulder strap and single rounded handle – transitioning effortlessly from a chic shoulder bag to a graceful handbag.</p>
<p>Made in Italy and part of the Spring/Summer 24 collection, this accessory is not just a statement fashion piece but also a practical companion. It features a sachet pocket on both the front and back, along with an inner zip pocket, all lined internally for durability and style.</p>
<p>Measurements: L 15cm x H 23cm x W 10cm – a perfect size to carry your essentials with ease while making a luxurious statement.</p>
<ul>
<li>Color: Brown</li>
<li>Material: 100% Calf Leather Bos Taurus</li>
<li>Country of Origin: Italy</li>
</ul>
",Chloé,,"","115670614390, 127, Bags, Brown, Chloé, Handbags - Bags, New with tags, Shoulder Bags - Bags, Women",true,Title,Default Title,,,,,,,,'7613386128812,3000.0,shopify,deny,manual,1356.20,1850.00,true,true,,,,,'9992714469109,https://cdn.shopify.com/s/files/1/0921/1566/5270/files/4295957.jpg?v=1773939690,1,"",false,,,MPN0616028317,,kg,,1007.00,active
elegant-sepia-brown-calfskin-shoulder-handbag,,,,,,,,,,,,,,,,,,,,,,,,,,,,,,,https://cdn.shopify.com/s/files/1/0921/1566/5270/files/4295958.jpg?v=1773939689,2,"",,,,,,,,,
elegant-sepia-brown-calfskin-shoulder-handbag,,,,,,,,,,,,,,,,,,,,,,,,,,,,,,,https://cdn.shopify.com/s/files/1/0921/1566/5270/files/4295959.jpg?v=1773939689,3,"",,,,,,,,,
elegant-sepia-brown-calfskin-shoulder-handbag,,,,,,,,,,,,,,,,,,,,,,,,,,,,,,,https://cdn.shopify.com/s/files/1/0921/1566/5270/files/4295960.jpg?v=1773939690,4,"",,,,,,,,,
